ATP13A2,GBA,GPNMB,INPP5F,LRRK2,PLA2G6,Rab29,TMEM175,VPS35,VPS13C,phenotype
"[14, 10]","[34, 0]","[32, 23]","[64, 45]","[19, 0]","[0, 6]","[0, 7]","[42, 0]","[0, 0]","[0, 1]",False
"[14, 0]","[28, 0]","[0, 50]","[77, 8]","[0, 13]","[63, 64]","[14, 0]","[0, 20]","[11, 0]","[0, 6]",False
"[0, 67]","[19, 11]","[33, 32]","[0, 0]","[51, 10]","[28, 12]","[11, 12]","[28, 47]","[0, 0]","[0, 0]",False
"[70, 57]","[0, 34]","[18, 35]","[34, 80]","[42, 0]","[26, 10]","[1, 2]","[72, 0]","[5, 11]","[0, 0]",False
"[14, 93]","[12, 25]","[42, 0]","[12, 0]","[16, 32]","[0, 0]","[0, 19]","[69, 28]","[4, 3]","[1, 6]",False
"[64, 0]","[30, 0]","[0, 25]","[17, 79]","[16, 21]","[72, 73]","[0, 10]","[17, 20]","[0, 3]","[9, 8]",False
"[50, 25]","[37, 36]","[50, 11]","[0, 31]","[10, 19]","[23, 26]","[13, 1]","[28, 28]","[9, 7]","[9, 0]",False
"[92, 56]","[19, 34]","[34, 35]","[37, 0]","[19, 0]","[0, 26]","[8, 1]","[0, 28]","[9, 0]","[3, 10]",False
"[0, 15]","[0, 0]","[32, 25]","[77, 12]","[6, 19]","[76, 49]","[2, 0]","[0, 17]","[0, 10]","[1, 0]",False
"[12, 16]","[30, 0]","[12, 14]","[0, 8]","[28, 7]","[23, 0]","[5, 14]","[17, 0]","[0, 9]","[1, 0]",False
"[65, 14]","[5, 34]","[1, 13]","[11, 77]","[40, 18]","[0, 39]","[5, 0]","[55, 28]","[5, 8]","[5, 5]",False
"[91, 46]","[0, 12]","[13, 43]","[75, 0]","[14, 11]","[5, 0]","[2, 0]","[52, 17]","[0, 0]","[0, 11]",False
"[16, 59]","[7, 0]","[11, 43]","[0, 80]","[0, 18]","[5, 28]","[0, 0]","[31, 0]","[5, 0]","[0, 0]",False
"[63, 83]","[1, 38]","[32, 33]","[0, 77]","[0, 52]","[6, 39]","[0, 14]","[81, 1]","[8, 5]","[0, 0]",False
"[86, 46]","[7, 23]","[0, 20]","[77, 77]","[45, 10]","[63, 5]","[0, 3]","[50, 0]","[0, 1]","[6, 0]",False
"[85, 0]","[0, 6]","[0, 11]","[42, 11]","[10, 7]","[5, 8]","[10, 0]","[56, 0]","[3, 5]","[3, 5]",False
"[78, 57]","[6, 30]","[7, 0]","[61, 76]","[25, 11]","[63, 0]","[11, 14]","[28, 28]","[0, 0]","[0, 1]",False
"[29, 56]","[25, 34]","[0, 36]","[2, 45]","[25, 23]","[13, 22]","[0, 12]","[0, 0]","[0, 0]","[6, 0]",False
"[49, 29]","[38, 34]","[48, 0]","[19, 59]","[14, 41]","[26, 0]","[3, 0]","[0, 28]","[8, 0]","[12, 0]",False
"[60, 57]","[28, 32]","[42, 11]","[64, 61]","[18, 0]","[0, 57]","[8, 1]","[20, 28]","[0, 0]","[11, 9]",False
"[56, 14]","[0, 0]","[32, 11]","[14, 77]","[10, 0]","[75, 37]","[10, 7]","[0, 28]","[0, 8]","[11, 0]",False
"[0, 67]","[38, 30]","[0, 29]","[12, 43]","[0, 0]","[0, 50]","[15, 5]","[57, 0]","[0, 1]","[1, 0]",False
"[68, 35]","[7, 1]","[12, 37]","[36, 68]","[7, 0]","[70, 0]","[7, 16]","[31, 75]","[5, 0]","[1, 0]",False
"[0, 35]","[4, 0]","[43, 50]","[0, 36]","[25, 0]","[63, 0]","[5, 12]","[15, 17]","[4, 0]","[0, 3]",False
"[0, 0]","[0, 4]","[20, 33]","[12, 77]","[0, 20]","[94, 35]","[19, 14]","[0, 60]","[6, 0]","[0, 2]",False
"[84, 12]","[0, 34]","[13, 12]","[45, 60]","[21, 16]","[8, 0]","[7, 14]","[50, 81]","[5, 0]","[0, 5]",False
"[0, 45]","[13, 34]","[10, 0]","[80, 4]","[25, 28]","[94, 27]","[10, 16]","[81, 0]","[3, 0]","[5, 5]",False
"[56, 0]","[0, 25]","[25, 45]","[29, 14]","[16, 10]","[11, 5]","[16, 0]","[59, 41]","[0, 0]","[8, 10]",False
"[29, 90]","[26, 23]","[50, 45]","[74, 51]","[0, 18]","[38, 47]","[14, 17]","[31, 74]","[3, 9]","[12, 0]",False
"[29, 14]","[0, 10]","[14, 39]","[36, 64]","[0, 17]","[66, 0]","[9, 0]","[0, 51]","[0, 0]","[1, 9]",False
"[5, 0]","[34, 23]","[0, 51]","[23, 77]","[0, 32]","[53, 79]","[16, 0]","[28, 27]","[8, 0]","[4, 5]",False
"[0, 53]","[9, 0]","[0, 1]","[0, 12]","[22, 7]","[47, 63]","[0, 16]","[40, 42]","[0, 11]","[1, 12]",False
"[0, 18]","[17, 30]","[1, 33]","[0, 72]","[0, 51]","[63, 19]","[12, 14]","[1, 28]","[0, 5]","[1, 6]",False
"[57, 0]","[0, 34]","[16, 28]","[0, 45]","[22, 19]","[0, 63]","[5, 16]","[69, 0]","[4, 0]","[0, 1]",False
"[0, 0]","[25, 0]","[50, 11]","[43, 79]","[24, 38]","[63, 82]","[0, 19]","[28, 12]","[0, 2]","[13, 11]",False
"[0, 35]","[11, 12]","[11, 30]","[51, 67]","[49, 53]","[0, 0]","[3, 18]","[74, 82]","[1, 0]","[0, 0]",False
"[81, 4]","[23, 34]","[14, 12]","[2, 0]","[19, 44]","[78, 9]","[7, 0]","[28, 20]","[5, 8]","[8, 1]",False
"[48, 16]","[13, 8]","[12, 0]","[0, 12]","[7, 16]","[18, 49]","[7, 15]","[56, 76]","[0, 10]","[4, 8]",False
"[44, 0]","[6, 23]","[8, 0]","[58, 14]","[0, 52]","[64, 0]","[10, 9]","[30, 6]","[8, 8]","[10, 0]",False
"[94, 56]","[21, 0]","[31, 11]","[29, 48]","[47, 0]","[0, 97]","[10, 8]","[68, 50]","[0, 6]","[0, 0]",False
"[9, 70]","[34, 34]","[28, 19]","[0, 57]","[0, 19]","[56, 0]","[0, 9]","[70, 0]","[4, 0]","[2, 8]",False
"[56, 29]","[34, 24]","[11, 13]","[76, 76]","[19, 18]","[63, 8]","[0, 7]","[28, 0]","[0, 5]","[13, 0]",False
"[14, 56]","[0, 23]","[1, 0]","[64, 0]","[0, 16]","[53, 12]","[12, 7]","[27, 60]","[0, 10]","[4, 0]",False
"[65, 16]","[20, 6]","[40, 6]","[0, 77]","[7, 5]","[63, 94]","[15, 7]","[1, 42]","[5, 0]","[0, 0]",False
"[40, 56]","[19, 21]","[0, 0]","[4, 61]","[0, 0]","[44, 0]","[14, 11]","[0, 36]","[0, 0]","[0, 11]",False
"[55, 0]","[0, 0]","[39, 21]","[80, 64]","[19, 38]","[63, 60]","[11, 17]","[28, 74]","[1, 5]","[0, 0]",False
"[7, 0]","[0, 10]","[32, 29]","[2, 80]","[19, 16]","[0, 64]","[5, 0]","[51, 81]","[0, 0]","[0, 0]",False
"[0, 0]","[0, 4]","[0, 0]","[64, 7]","[41, 10]","[92, 26]","[3, 0]","[7, 72]","[8, 4]","[4, 6]",False
"[16, 24]","[33, 0]","[51, 0]","[12, 0]","[19, 45]","[36, 0]","[0, 0]","[56, 6]","[5, 2]","[0, 0]",False
"[14, 57]","[0, 38]","[32, 12]","[77, 29]","[32, 13]","[47, 70]","[16, 0]","[28, 76]","[5, 8]","[12, 10]",False
"[0, 4]","[0, 0]","[0, 0]","[64, 64]","[10, 48]","[25, 5]","[18, 4]","[0, 67]","[1, 8]","[0, 5]",False
"[60, 50]","[25, 34]","[31, 11]","[48, 55]","[16, 8]","[53, 6]","[0, 6]","[42, 42]","[5, 10]","[0, 10]",False
"[57, 0]","[28, 0]","[40, 7]","[57, 47]","[27, 16]","[58, 23]","[6, 0]","[30, 50]","[0, 9]","[1, 12]",False
"[16, 54]","[0, 8]","[51, 0]","[20, 79]","[0, 0]","[85, 79]","[0, 16]","[54, 28]","[0, 8]","[9, 12]",False
"[0, 14]","[0, 29]","[0, 30]","[13, 77]","[0, 20]","[63, 50]","[14, 10]","[28, 19]","[0, 0]","[0, 0]",False
"[83, 0]","[1, 32]","[12, 0]","[64, 43]","[19, 30]","[72, 63]","[12, 0]","[34, 0]","[8, 8]","[1, 4]",False
"[12, 56]","[32, 0]","[20, 0]","[12, 77]","[48, 23]","[12, 32]","[16, 12]","[28, 20]","[0, 0]","[4, 0]",False
"[44, 0]","[21, 26]","[12, 32]","[12, 64]","[16, 19]","[63, 70]","[0, 5]","[19, 56]","[11, 0]","[4, 1]",False
"[84, 57]","[3, 34]","[0, 14]","[80, 64]","[51, 13]","[0, 61]","[9, 19]","[0, 34]","[0, 6]","[0, 7]",False
"[0, 40]","[28, 10]","[30, 6]","[77, 16]","[17, 18]","[63, 62]","[7, 9]","[0, 28]","[9, 0]","[10, 9]",False
"[9, 0]","[0, 23]","[32, 45]","[64, 77]","[46, 42]","[0, 12]","[5, 15]","[0, 14]","[0, 0]","[4, 5]",False
"[67, 0]","[13, 22]","[50, 0]","[0, 63]","[0, 10]","[0, 31]","[0, 16]","[0, 0]","[0, 9]","[5, 0]",False
"[0, 16]","[32, 38]","[14, 0]","[45, 79]","[0, 24]","[31, 0]","[0, 17]","[17, 1]","[7, 6]","[2, 11]",False
"[68, 65]","[38, 30]","[25, 30]","[8, 16]","[10, 0]","[63, 6]","[16, 0]","[0, 73]","[0, 5]","[5, 0]",False
"[6, 89]","[32, 35]","[52, 0]","[0, 12]","[0, 10]","[26, 0]","[14, 9]","[28, 28]","[9, 1]","[2, 9]",False
"[57, 73]","[0, 29]","[34, 5]","[29, 69]","[35, 0]","[24, 49]","[16, 0]","[28, 29]","[11, 0]","[0, 9]",False
"[4, 0]","[7, 23]","[32, 24]","[21, 39]","[7, 0]","[67, 41]","[10, 0]","[20, 0]","[9, 11]","[4, 3]",False
"[14, 50]","[4, 10]","[40, 11]","[2, 0]","[0, 46]","[8, 63]","[5, 3]","[50, 51]","[0, 5]","[2, 0]",False
"[35, 56]","[14, 13]","[0, 0]","[24, 57]","[0, 6]","[64, 54]","[12, 13]","[42, 50]","[0, 0]","[0, 0]",False
"[50, 30]","[0, 23]","[25, 0]","[12, 64]","[0, 19]","[28, 17]","[0, 7]","[53, 50]","[8, 0]","[0, 1]",False
"[0, 77]","[0, 0]","[11, 11]","[67, 69]","[0, 16]","[0, 5]","[0, 14]","[28, 51]","[8, 4]","[0, 6]",False
"[10, 12]","[34, 26]","[31, 31]","[66, 12]","[25, 0]","[53, 53]","[0, 12]","[14, 71]","[8, 2]","[0, 0]",False
"[0, 0]","[7, 26]","[51, 41]","[0, 17]","[9, 5]","[63, 54]","[0, 5]","[78, 50]","[9, 0]","[10, 0]",False
"[0, 0]","[30, 0]","[21, 8]","[19, 0]","[10, 0]","[39, 5]","[7, 9]","[17, 42]","[5, 8]","[10, 9]",False
"[84, 79]","[38, 12]","[9, 31]","[64, 60]","[16, 19]","[26, 46]","[0, 15]","[74, 0]","[0, 6]","[11, 5]",False
"[48, 0]","[30, 38]","[11, 12]","[0, 77]","[36, 16]","[62, 28]","[4, 5]","[17, 51]","[0, 1]","[0, 0]",False
"[70, 9]","[7, 19]","[11, 1]","[64, 8]","[10, 16]","[63, 95]","[16, 7]","[4, 71]","[8, 0]","[0, 1]",False
"[14, 18]","[0, 16]","[14, 14]","[80, 0]","[16, 46]","[58, 33]","[0, 19]","[27, 36]","[0, 0]","[5, 0]",False
"[56, 54]","[0, 20]","[50, 25]","[0, 26]","[11, 25]","[5, 0]","[0, 0]","[0, 34]","[11, 8]","[0, 1]",False
"[48, 49]","[1, 0]","[0, 12]","[77, 29]","[51, 0]","[67, 39]","[10, 14]","[17, 74]","[10, 3]","[9, 0]",False
"[40, 19]","[23, 19]","[32, 27]","[0, 6]","[8, 7]","[72, 5]","[0, 17]","[50, 40]","[10, 0]","[0, 9]",False
"[16, 17]","[25, 23]","[0, 0]","[80, 8]","[25, 11]","[76, 0]","[10, 19]","[43, 0]","[11, 0]","[1, 0]",False
"[44, 14]","[7, 26]","[12, 32]","[40, 64]","[28, 38]","[24, 47]","[16, 8]","[0, 12]","[2, 0]","[0, 11]",False
"[54, 16]","[23, 0]","[42, 0]","[77, 77]","[25, 18]","[0, 5]","[16, 0]","[21, 28]","[0, 0]","[5, 0]",False
"[56, 29]","[36, 23]","[12, 32]","[77, 73]","[0, 43]","[26, 53]","[18, 2]","[0, 17]","[5, 0]","[12, 0]",False
"[0, 14]","[14, 13]","[0, 14]","[67, 48]","[19, 45]","[0, 16]","[5, 0]","[0, 0]","[8, 0]","[5, 13]",False
"[2, 0]","[18, 0]","[40, 8]","[40, 45]","[45, 18]","[0, 93]","[7, 0]","[20, 63]","[8, 0]","[9, 9]",False
"[75, 0]","[7, 0]","[0, 24]","[12, 80]","[10, 0]","[0, 23]","[14, 16]","[7, 30]","[8, 8]","[13, 0]",False
"[70, 14]","[34, 34]","[0, 39]","[5, 0]","[0, 25]","[21, 63]","[7, 8]","[0, 82]","[4, 0]","[0, 0]",False
"[24, 94]","[21, 2]","[32, 0]","[12, 0]","[16, 49]","[12, 0]","[0, 8]","[50, 56]","[9, 0]","[0, 12]",False
"[16, 63]","[0, 0]","[7, 42]","[80, 20]","[11, 10]","[92, 70]","[14, 17]","[0, 0]","[0, 0]","[11, 10]",False
"[64, 56]","[0, 21]","[3, 0]","[62, 4]","[42, 10]","[27, 94]","[7, 0]","[0, 0]","[0, 5]","[1, 0]",False
"[85, 50]","[18, 10]","[43, 12]","[25, 0]","[41, 20]","[63, 47]","[16, 14]","[0, 0]","[9, 1]","[11, 0]",False
"[6, 16]","[38, 26]","[48, 0]","[44, 64]","[18, 14]","[23, 23]","[0, 0]","[28, 78]","[0, 0]","[1, 9]",False
"[73, 48]","[0, 7]","[0, 4]","[67, 0]","[28, 16]","[0, 47]","[12, 16]","[51, 42]","[0, 4]","[5, 0]",False
"[60, 56]","[38, 28]","[27, 0]","[17, 77]","[44, 0]","[85, 0]","[0, 7]","[53, 82]","[8, 11]","[1, 9]",False
"[83, 14]","[0, 9]","[0, 13]","[45, 44]","[28, 19]","[94, 71]","[14, 16]","[20, 50]","[11, 0]","[13, 0]",False
"[56, 0]","[23, 0]","[13, 0]","[0, 45]","[16, 53]","[74, 98]","[0, 14]","[27, 64]","[1, 0]","[1, 5]",False
"[57, 44]","[0, 34]","[28, 13]","[64, 68]","[7, 14]","[0, 21]","[8, 8]","[56, 27]","[0, 8]","[0, 0]",False
"[93, 60]","[0, 15]","[35, 1]","[41, 0]","[19, 16]","[35, 70]","[5, 7]","[76, 48]","[11, 5]","[0, 10]",False
